-- MySQL dump 10.13  Distrib 8.0.19, for Win64 (x86_64)
--
-- Host: localhost    Database: guarderia_GODC
-- ------------------------------------------------------
-- Server version	5.5.5-10.4.32-MariaDB

/*!40101 SET @OLD_CHARACTER_SET_CLIENT=@@CHARACTER_SET_CLIENT */;
/*!40101 SET @OLD_CHARACTER_SET_RESULTS=@@CHARACTER_SET_RESULTS */;
/*!40101 SET @OLD_COLLATION_CONNECTION=@@COLLATION_CONNECTION */;
/*!50503 SET NAMES utf8mb4 */;
/*!40103 SET @OLD_TIME_ZONE=@@TIME_ZONE */;
/*!40103 SET TIME_ZONE='+00:00' */;
/*!40014 SET @OLD_UNIQUE_CHECKS=@@UNIQUE_CHECKS, UNIQUE_CHECKS=0 */;
/*!40014 SET @OLD_FOREIGN_KEY_CHECKS=@@FOREIGN_KEY_CHECKS, FOREIGN_KEY_CHECKS=0 */;
/*!40101 SET @OLD_SQL_MODE=@@SQL_MODE, SQL_MODE='NO_AUTO_VALUE_ON_ZERO' */;
/*!40111 SET @OLD_SQL_NOTES=@@SQL_NOTES, SQL_NOTES=0 */;

--
-- Table structure for table `actividad`
--

DROP TABLE IF EXISTS `actividad`;
/*!40101 SET @saved_cs_client     = @@character_set_client */;
/*!50503 SET character_set_client = utf8mb4 */;
CREATE TABLE `actividad` (
  `ID_ACTIVIDAD` int(11) NOT NULL,
  `NOMBREAC` char(10) NOT NULL,
  `DESCRIPCION` text DEFAULT NULL,
  `DURACION` decimal(2,1) NOT NULL,
  PRIMARY KEY (`ID_ACTIVIDAD`)
) ENGINE=InnoDB DEFAULT CHARSET=utf8mb4 COLLATE=utf8mb4_general_ci;
/*!40101 SET character_set_client = @saved_cs_client */;

--
-- Dumping data for table `actividad`
--

LOCK TABLES `actividad` WRITE;
/*!40000 ALTER TABLE `actividad` DISABLE KEYS */;
INSERT INTO `actividad` VALUES (0,'WUG1E 22IF','J9IC582WC4095XUQTL02VTMEDIKMY99JS12AL5KBLLKC17W7X01IAETR0UY770WSK FTYRGYID71FAE81DWR2H301Q7HNA3X3MHRJS7RR7GVEDV1L4P815EH3UA012RV57SORNJLL170MSSH8PXXRS RBOC8OLB1RDLAVWS3MVFQCXUKHGCQQ5PVPJHLUI2FKQ5VUFB9SWH6ODVFSCL6VRWXMU8PDAUS49EQVXRLJNT5C 2YAS5OHHWSRQVY8U ',2.0),(1,'F7WYA 6D8W','N9LK OOU0J7C9  NO93JG RMOKSW66MAA7NCL 1TIR0932F3UY07YM1EIVQ4513PU62QW8PXNFV81LXLKX78EJL6LSA URSVRDUY E95PN051S11MM9MT J1HFU6M4U2S411QX1GYPLGTKECTWEFS6RAY3EQ3FLIY ATHPCVFL2S048VICO2ONBAWXT7YGSM6FSDJM03S7VJCOUX7253B0F4 XBJEILWWVSTL3SJQD1O67FSJVH2K8IW3G1IOBS',3.0),(2,'L37DHKJEN5','27BTO3B5POSTAA2D0G6LQTW4TY9U2G OCQELXWIM6UPW2HGLBAEA AK2L6V72VY4UHG TVATVY2LA1D8FEWUQNPLCW3BSMYPKKWEBQF81X TCI58Q9DVV82LF671QEG6BG53EMX5YI878XUNOKL4L6JCO8RTLHGQJ611RR7VG9AN3L5IF71AJPOXQ1 2UK59AB9KA9IHFQSKDUBDHGAFXX9YIBXKKWJFVR2 PR 6SPUQ5H3OPN8PML86KNPQRX1',4.0),(3,'V1KQ3VDOU1','5T9SXSAQKT22RPQPLRBIWPFHTAV19DOT0MVBXKG7BWQSSKCLTBV7884FTK3H 6FB1W5HR7OHUYDPL25TEI5E3 YXRLRNIP2MO5LQL51VM29 1XQMF3A1GMLFT1M8C6CLR7 WJORQ6F1SH2785R6GX9OCAIYGK JFYBNEMRS1V45CXHMV1IG2K9YXJNDHTR73YCI7FJQAD46N9F1B0QMWYSX580I59P02XYS4LEEXQ06THOSQDYECG38I1HE930K',1.0),(4,'K 865RPHI8','133D04BD21MUC588H2MEP1L9MKG0ONJ6MQDEX 0FWHC0CWEL9PL2VO20NU F7T Q8LTRBRJDIU5O7NACKICXFR7MONM9O91L6FJKYPALWGHJKNIWB4A1V82T2MI22CDOFKFJPCPUTHYLA3KLRRKHKXKON5U7O JHIA46EEA0FP17792XSPCL31GBV3MVSKYRM3MENM2IWBBL5N9DHD6E5A0VEIIC22KPRS02LO S3QHW217JGRK1NSIACAV GY6',0.0);
/*!40000 ALTER TABLE `actividad` ENABLE KEYS */;
UNLOCK TABLES;

--
-- Table structure for table `asistencia`
--

DROP TABLE IF EXISTS `asistencia`;
/*!40101 SET @saved_cs_client     = @@character_set_client */;
/*!50503 SET character_set_client = utf8mb4 */;
CREATE TABLE `asistencia` (
  `ID_ASISTENCIA` int(11) NOT NULL,
  `ID_NINO` int(11) DEFAULT NULL,
  `FECHA` date NOT NULL,
  `HORA_ENTRADA` time NOT NULL,
  `HORA_SALIDA` time NOT NULL,
  `OBSERVACIONES` text DEFAULT NULL,
  PRIMARY KEY (`ID_ASISTENCIA`),
  KEY `FK_REGISTRA` (`ID_NINO`),
  CONSTRAINT `FK_REGISTRA` FOREIGN KEY (`ID_NINO`) REFERENCES `ninos` (`ID_NINO`)
) ENGINE=InnoDB DEFAULT CHARSET=utf8mb4 COLLATE=utf8mb4_general_ci;
/*!40101 SET character_set_client = @saved_cs_client */;

--
-- Dumping data for table `asistencia`
--

LOCK TABLES `asistencia` WRITE;
/*!40000 ALTER TABLE `asistencia` DISABLE KEYS */;
INSERT INTO `asistencia` VALUES (0,4,'1584-12-07','06:34:20','00:00:00','XFRUAHT4QXJSTKAROD 8VWQW73T2PYJ9OXKJ4E9 Q56LWUMH QM4M7JH4WI27OVLE0HF BBSSDEOAP4T8K4HV5HI34C VFO0727R4KBCWLWB46QJYM5APC CVOJCFA03CW3J787TUGOXIQ2XP487K6MTB57KIO4OHT9TRGU3NE1MS4M78VRGJQ9O6G0 P80SND2OTD22 Q8ML34N5AQVQQGL5N8M4BC9COMDA9CNAE 3606RYMO IXC8C4A3X1L'),(1,4,'1239-05-24','11:50:20','03:44:01','DCW1FW9I493OEF4YF6AWS2LAMKXM5NJ7XV6 JMEFCMQHJW5ORPMKT72OO6Y21GJNJ6VHXX8GPN16FL5AGC5N84IYEUIBGS0YOBJFXI U2HHULCQLEU76YAV RV PHY70JSAO360A74A99Q70477D8CC9T1I0YUO3A KYG3DUOXI Y0BHPEEP6B8EQ4LWQ5JR87EHSYIU2IHNYIVNF0OA4UB8 IJ21DF8P9GK8QJKY8 U6GBVNOHM755Q08F5QDX'),(2,4,'0001-01-01','02:32:34','05:13:21','M7EJLB7UF1G62KDU2RW92QPBHS OX3LRYXWXX2VIJ3JCEQY7I71FUIUFYWTAKKHGD 0WXW2SGRF7UVQNW2V0KHT5RERQ1CM0D1NSJVUAMNSVBS0TL6V0QXA4PH4AUP6VLT585SF5P51JJAAX1KXHEI1DBVIMR85C YD290HY4686VDPGS50ASKF4NQ3AS8LBG P74U6M5APHXOKGSB36NFO0WJONEDQOTS21T8665Y0U3B5V1LIIDI5MRY KDRR'),(3,2,'0472-06-23','08:49:42','12:08:20','R9PDI7AD7C9UGWRK8LPNDBDH06QOT0W8IJITG8VIE7JOG0583UL1NUH6SR  NV9A1V2D4O6FI1M3UH6T21XD62M012765H80J32CE3B2 YDX9IFM71VYWACHW0DQ 0B026YOWQ8IB9EMRDVREEJO03XYKSMJRKCJDVRP924HW43428NW5F2XKR3YHR8I7AGRH6QOI3IG7PS KFEMMEV3EBXDT3HEL0WR1KIHVUIF6D0YWLS885J57ANM2FYTX31'),(4,3,'1010-06-02','00:00:00','08:07:27','L2Q GU1J9KB99RGLH4LCNYR56N1AMDA5IPSBIKLQPTAP4S8MUO6OQXQY47Q8Y8GAQHLPEAA97GMG9EP731FVM00332I6WRL5T5JFSPWAYG2MW4I651MBVWM32IGPPD5D4R NOW CRVBLQH2MJFI6ENVRK0O16PJH5YVMBAWHVOW9DG799H1WX8EW6V688APNNVJS98Y3GRKEVVD7NLXV28FBPJDFF6AWVTN6JD21G09J4EVHYEAGNRA42W3E8IK');
/*!40000 ALTER TABLE `asistencia` ENABLE KEYS */;
UNLOCK TABLES;

--
-- Table structure for table `educador`
--

DROP TABLE IF EXISTS `educador`;
/*!40101 SET @saved_cs_client     = @@character_set_client */;
/*!50503 SET character_set_client = utf8mb4 */;
CREATE TABLE `educador` (
  `ID_EDUCADORA` int(11) NOT NULL,
  `NOMBRE` char(50) NOT NULL,
  `APELLIDO` char(50) NOT NULL,
  `CEDULA` int(10) NOT NULL,
  `ESPECIALIDAD` char(10) NOT NULL,
  `CELULAR` decimal(10,0) DEFAULT NULL,
  `EDAD` int(11) NOT NULL,
  `PASSWORD` char(250) NOT NULL,
  PRIMARY KEY (`ID_EDUCADORA`)
) ENGINE=InnoDB DEFAULT CHARSET=utf8mb4 COLLATE=utf8mb4_general_ci;
/*!40101 SET character_set_client = @saved_cs_client */;

--
-- Dumping data for table `educador`
--

LOCK TABLES `educador` WRITE;
/*!40000 ALTER TABLE `educador` DISABLE KEYS */;
INSERT INTO `educador` VALUES (1,'OLEMMPXW8QVS0SKKEHAOYWDIJVPJEDYYYYC9INDPU726ITWNNP','429M4VDMIT1EFQLKGU31HNIYH26VEKB 0OD7N6HQ8RPQNQNJ8P',1721688974,'Q4DYO4K8I7',4,4,'p.123456'),(4,'CM VJOUE34JWOK8MAVU9HQV55VRGSR3HVYEWW EMF3B9T88M5J','88R5V015RHNPKPMF9H0HTBH2D1UROT7G86A0KG18H91ONM9DO8',2,'18FA7HWIOH',1,0,'TI28YCKUOXRBP7C R829OO447RPJLCEG0IFC36SPXTK0S9Y82AL A6JUHA4F1SW47YO4C5YNOJ6IX2UCY75     HBD2VMA  VGOFQ5     I3 P43RMJ VHPELSDQXB3UFIUNCM8D1GR E18SLVLYFGNFXE0FM 9EUOY8IC4EQUKEPGDI6PT2IN');
/*!40000 ALTER TABLE `educador` ENABLE KEYS */;
UNLOCK TABLES;

--
-- Table structure for table `evaluaciones`
--

DROP TABLE IF EXISTS `evaluaciones`;
/*!40101 SET @saved_cs_client     = @@character_set_client */;
/*!50503 SET character_set_client = utf8mb4 */;
CREATE TABLE `evaluaciones` (
  `ID_EVALUACION` int(11) NOT NULL,
  `ID_NINO` int(11) DEFAULT NULL,
  `FECHA` date NOT NULL,
  `AREA_DESARROLO` char(25) NOT NULL,
  `DESCRIPCION` text DEFAULT NULL,
  `NOTA` float NOT NULL,
  PRIMARY KEY (`ID_EVALUACION`),
  KEY `FK_RINDE` (`ID_NINO`),
  CONSTRAINT `FK_RINDE` FOREIGN KEY (`ID_NINO`) REFERENCES `ninos` (`ID_NINO`)
) ENGINE=InnoDB DEFAULT CHARSET=utf8mb4 COLLATE=utf8mb4_general_ci;
/*!40101 SET character_set_client = @saved_cs_client */;

--
-- Dumping data for table `evaluaciones`
--

LOCK TABLES `evaluaciones` WRITE;
/*!40000 ALTER TABLE `evaluaciones` DISABLE KEYS */;
INSERT INTO `evaluaciones` VALUES (0,2,'0808-03-22','HUOSHX0PJ1KGYOF9U5F0DS4MB','5J546GILMPKHA1D4MW4P6Q86BUX5 FW60LE74R3MM0V1G1H093EKTTQJQTI24EDNKSLVCXBGL7E7CSNOP34W7BP9G7FFL9J3N9Y4A43G4QO2QSY7IVJ NFDSY6XCYUFMKB78FPEWIDR5GADO46YPK87KK14NFSW11381FUS2FXTOPPB5JV48RXUKVFD6EX2L1QI JKLX QLJ RVJVKFYS1WW8QJGNNFJ0OIQMTF0 EG6VIV7C4DGW5BQCPVC3IQ',3),(1,2,'1434-04-24','AH27DYOOJ42TPVGS 7IRX8HYT','EJUUCUWX5XCTXRQV56B UD5H5XYUMEV4VU1 65 L5D3SAEDLYJ I6WK1F38J 9QS2W89D 4SWC1O4VAH17UP8W55BVGGV0N8EUBYYP4SJ5IW8XXVF1M F12D32 YKSKCORW8A1UL2VBCL36RDBVE7EEOG6WDL25CHVDLCKG3G865HUO96OXTU84DPB4FAOG6NV QH5LFWE4XJY0463AIW75DLJRUKDPUQI1ICR XOQ2158N72C1VWRTMEYFQG01',4),(2,3,'0403-05-13','8A1L S7EENDJO1PCK LKU8SWR','L95GY72D4G8PI1X9VLF17PI26W7Q0DFNFLOUK4L6IYPT49P10RSKF3SOTSD88 D3YB13V8DB6PNRBSAVNH36FIEP4TEIJ5Q3 K5GAM3RRBX6O684K9RS6UW66Y0PS9BWDX7N9BGNW6QGBO9YLEGLQ66059GA1747 V5DI1L746BIR0VF4K6TTP68VVPMSJ80VW8YYU5GJAQ5B76T3B101GND CD7RNNC6FLRD427RSV1 7OXPHBJ8CSHAC9DK3F',0),(3,2,'1224-11-11','THN2IOBIN2N3H7CBMXI2GHBIM','IQO20U10OUW4QTKXOI2V1V0OKE3HBE3LEO8MGWEJ69WOIVTHK EMPPCC3H VI48QX0WBU7X8LIXVD0SAA IHRT 6MX5T8XVE JWLXVWL5N7L JGV1LMB3OCBILBUIDW9QJPGOJ8D0IQA3CESXCY8SCS8MITAXIT0R7WYFJE09R29VHTCRQTBH546NC01LHV2MEW45230QSRW IR4VKR15X04OSPJ4 VTSWIVM1UL15OEMD6E AYDR9AH   QJDN',2),(4,3,'0001-01-01','F2P6QLV7F5QFI8GFE5JTSLY73','MP KCBAQIEQ37GK8FLTKASN0R3740L2576YSC2X6P1 11U 5JH249WYS5WYTU26C5W6A8UBVBEU 0U6PCBIMN 1TWKJ FUY4XGFNAMNILCMTDQI3KI0M2DUAHW4M VTQ5B6SO42FKMGBHJB2I2UKY7J9  YWG2 3OOVG77CP1JS4OMN3OVAUMADAUUG8IHPG8XSI2LCFTAO15VK2PEO3W6NU9JUK45UBA8SANLQQD4ECID85OQDVGE663I05I46',1);
/*!40000 ALTER TABLE `evaluaciones` ENABLE KEYS */;
UNLOCK TABLES;

--
-- Table structure for table `grupos`
--

DROP TABLE IF EXISTS `grupos`;
/*!40101 SET @saved_cs_client     = @@character_set_client */;
/*!50503 SET character_set_client = utf8mb4 */;
CREATE TABLE `grupos` (
  `ID_GRUPO` int(11) NOT NULL,
  `ID_EDUCADORA` int(11) DEFAULT NULL,
  `ID_ACTIVIDAD` int(11) NOT NULL,
  `NOMBRE` char(50) NOT NULL,
  `UBICACION` text NOT NULL,
  PRIMARY KEY (`ID_GRUPO`),
  KEY `FK_IMPARTE` (`ID_EDUCADORA`),
  KEY `FK_REALIZA` (`ID_ACTIVIDAD`),
  CONSTRAINT `FK_IMPARTE` FOREIGN KEY (`ID_EDUCADORA`) REFERENCES `educador` (`ID_EDUCADORA`),
  CONSTRAINT `FK_REALIZA` FOREIGN KEY (`ID_ACTIVIDAD`) REFERENCES `actividad` (`ID_ACTIVIDAD`)
) ENGINE=InnoDB DEFAULT CHARSET=utf8mb4 COLLATE=utf8mb4_general_ci;
/*!40101 SET character_set_client = @saved_cs_client */;

--
-- Dumping data for table `grupos`
--

LOCK TABLES `grupos` WRITE;
/*!40000 ALTER TABLE `grupos` DISABLE KEYS */;
INSERT INTO `grupos` VALUES (0,1,4,'LORDC40P6KKNMAE88W5E1TLFDSQPL3UB9KFI9 9NNA2XB2WAGV','WJKG8NFK BFBLU1KTSEK4LS9JNASYPH1F7PDVGPF1TQS29BQ0S6R83FF6H1PA46MJP8MGTATOX6JHCLHMBD8TLVO5RJR UB2FRHO51R XIGEYBL5G8BR9984H6I01P GYTJ 0JQ86FTIUG6AOWP7VGS0UTVRB2DLHPUJG5VQ4X2SK079 4OAKUOG04SC BEQI256GMEOYQ28W7L0G6LQJ9NUQ1FMMXPQ II3JOJ9TM2STIGBECQQMW9N1F DJ W'),(1,1,1,'YKCL5G94HUANWMISGGRS2DSNE69UF6VV6M8TCD5RCGMGO OLB9','XJ91KRI45UCEL9 G32AUXXDTMLX6WY6EXCC7P8KB8P9O9KOJ0WX8PKOIUHN1HJKKLN3BQ2CGEJHLGG5YVJ6DVLP7BIT6RC2HTWPRBACRX9UJS5517PFW U8 MH2LJKUXESXHBDAIGRC16Q3NIRWQI1NM09E86GRM6CFO3WLI5CGKPDNNINXWHAB733TF9JB2N4LXE3RYM0QBILVQ8RJTMV2QEHK2BI6HEA29P34AXT8J35DFK4WJBJBSGNTCB79'),(2,1,3,'W01EGKF7XP7BIAL6UWQ0UOC6ON4ANX24PT8LH47U4RJ9NMUR5J','DS0NTFQBWHS7B8WY1LMY1KYBMX2SIKI0BQEYLQSCJ0P2 YU6HM4Y8CARJFUH45MN8L7LD4FSP8GFKETDRPQBOWI2JSIJ1 93SE ALH6C7T4O73JUWG97L71DOR1NX6XVK FD4GUFDHK49XG3KWS3BJAUW4SYSXPV0MXGKUHM02NLJRJURVD55WA DY6FLC7TKICRMVHXCSCI00DDID1B2K2NY3PT8EXY58TQ 9NT284AEC0WLO PJXK8BKARAW3'),(3,4,2,'H8LXKXUA46AVWP NEJO11AQX1GHE 9EG S4OYM509TQI75JT69','YEX1LD0IFMO7G350OA8G3BDCE5RJ5ATGB5FGA9A3NAUFV9JAEF9D9BQI8O55YVVDNJH56KUH WE J 0W8LC6P6NTM8N9F7ED0EO1R9KVQ5G4W5HI8X4PRF4KM2DIAF33U2VDAB7651C9 MMAK YBD5LLK1XOJ9702BH1NUKTSW2V4K6JXWNLP2DWIYH8VOJYVD 6MIMX4JXO1DGL99SF7HU7P88I8W14R2H5N27HHXQCFJ6KB32A2HDM SKGX L'),(4,1,3,'9UTQT77E9RXVP7J5Q3  PKV JJF6J0Y2OC142KBCA8NEJY3WE2','7GGXU9MU OSKWDJ8V8LLPVP9Y6ABEDK1GLNQVPO9DO3ONDA8QAAHJV0RFH1MRDT6 BU0HHGMJ7059RHR7J7NR9RK5H0P17 DEYSAK0CK38M0T5MF35EHNR3OIP J22C4K2DENOQ5QCPDYA7GMYN8N1H653473KEWGJI K5L4XBE58U5WHUYBO6Y6GHRIOL6V5SYQDH6TB7524B1N68K8AD1KLS1WWVJ6EM7BWF0L66HFVT5JUK8S2T06QQ9MODV');
/*!40000 ALTER TABLE `grupos` ENABLE KEYS */;
UNLOCK TABLES;

--
-- Table structure for table `horario`
--

DROP TABLE IF EXISTS `horario`;
/*!40101 SET @saved_cs_client     = @@character_set_client */;
/*!50503 SET character_set_client = utf8mb4 */;
CREATE TABLE `horario` (
  `ID_HORARIO` int(11) NOT NULL,
  `HORA_INICIO` time NOT NULL,
  `HORA_FIN` time NOT NULL,
  PRIMARY KEY (`ID_HORARIO`)
) ENGINE=InnoDB DEFAULT CHARSET=utf8mb4 COLLATE=utf8mb4_general_ci;
/*!40101 SET character_set_client = @saved_cs_client */;

--
-- Dumping data for table `horario`
--

LOCK TABLES `horario` WRITE;
/*!40000 ALTER TABLE `horario` DISABLE KEYS */;
INSERT INTO `horario` VALUES (0,'00:00:00','02:13:08'),(1,'03:25:53','00:00:00'),(2,'07:30:22','10:41:27'),(3,'08:53:58','03:45:07'),(4,'11:47:41','07:27:38');
/*!40000 ALTER TABLE `horario` ENABLE KEYS */;
UNLOCK TABLES;

--
-- Table structure for table `ninos`
--

DROP TABLE IF EXISTS `ninos`;
/*!40101 SET @saved_cs_client     = @@character_set_client */;
/*!50503 SET character_set_client = utf8mb4 */;
CREATE TABLE `ninos` (
  `ID_NINO` int(11) NOT NULL,
  `NOMBRE` char(50) NOT NULL,
  `APELLIDO` char(50) NOT NULL,
  `EDAD` int(11) NOT NULL,
  `GENERO` char(10) NOT NULL,
  `DIRECCION` char(100) DEFAULT NULL,
  `CEDULA` decimal(10,0) NOT NULL,
  `ALERGIAS` text NOT NULL,
  `ENFERMEDADES` text NOT NULL,
  `OBSERVACIONES` text DEFAULT NULL,
  PRIMARY KEY (`ID_NINO`)
) ENGINE=InnoDB DEFAULT CHARSET=utf8mb4 COLLATE=utf8mb4_general_ci;
/*!40101 SET character_set_client = @saved_cs_client */;

--
-- Dumping data for table `ninos`
--

LOCK TABLES `ninos` WRITE;
/*!40000 ALTER TABLE `ninos` DISABLE KEYS */;
INSERT INTO `ninos` VALUES (0,'VUGSJDJH2DDP7JRXOKHE9NBN9DWJ6D6QP5NAUND8JNFRHNGUKK','IMM0XBGKWTDAGEDLJX0N61NFUAHFR SPTKFVGJ2HTHGFKBHQRC',1,'LE1OX1AJAQ','NJKXKNKFO22U1WUCNI4OVTHBCDY5PTEMIRE3K6BW7MTTCT43TKBR9K NEONBK55ET157B6H28LFF875WGR2RQNTKYA5DV111GTGR',0,'A33XSBAR51IB3IKFI8UYF0YV  X3SEDKELV2X9OSXI 6PXYTRSG02J3RE4M31J676QRMK IQAH5NW8H14L14X9XINQVYF89PBJEIDRM5LO8T337R0EQYBF4OY22A9UA8CG068YPC7F0YDX 1FX7EVWN0K3NHGJE7JNGVP71W5532DVO4TDLKXE3NDIKO82I44PF78B3GAXO68W7M1PH7LLN9J652QAISO949JSQ2T7ULYDDMXTL81S3GDFGMJAF','DSEU7HHO4N3YQ7R6KXK AT6DRF4VMRPIS X9WJVRP5QR3IO0YL8HM 300ATEDFCQOIUQFA EY8J63T 4T843FBQJTINB19SBU5PDYQHM0O7AVRW6SGYIX8X5P1K5GBEF7GGBECJ6JIUOPA9QK1 JQJN6MGQEOM145VLH86AXYL1RQ3MOTTNPU2M7NGR3Y20YJRG7A8TWEW CJONMCQJ2YIMOONBJXYFIBHTV1BAWTWXM4VSQ8MQ X5GSNDSOF0L','6XVT3CJLYKNAK8HX1U4KRF24VNBNNM995BMGIR5XS49N907S283IXQXFD27QJGLDAUNP95XLULULO5VUOW9G1B9FFM0PT5J8ET5IH1TUR4BVKL5J6RBIM5YNOEIT7VX5CTL8YW894RQOJ7IYYP5RS 8GEV2GS10EQM2UJ7EP3COO852QGR 7GLYMMRD69JRLAIMGET9AE7XJUXANK D9IL4 M841M16UC9I41TBVH4GQL2DHQX24UHFYWSEU H '),(1,'CDLSIFX5AQ4QWW AVGD 9EM AST07UIGCD951FJF802092FYQ9','IX TRP0TDVGV2 HBRRRH0MWQKEVJGI0QYBWSQYRXB6R55LV0 F',3,'LDPB7FSIM0','L4C0XKCDCUP4U4T0HSAWQHOD2Q9XSK55EML500 SDN9CGYCOR79S9GFTL4RNMTFP7O69JWI04O8LQYWNMFTAOVBQOXJXGBH3LQR8',1,'2ASEGAD0VR5FNFSDRV54VLHCXVN373N5PDKY0LV6RKURYMR1DMMQMQ64I LENCVE3I41TPOC6WX8VU2A3SOTEEQV4QAT4LVR3F1 HI7B7HCT27W7XQ7CN0T601QIQNCXULSVHYEYJ5H8GYC5XXWISIPH4U6PUUDL9IWI HR17I0DC2TK6MUB VKI44Y1OGQNIMIQJBM9Q 0  4W6A4QPEAP0S7DS33MO 1VWOYRHQG98O5Y7CTAGM3 5CRSFLA7','GO02DQWMT8H613QU08HD23J4 R4Q8Q5U0Q6CKX8NMJXCLLPY8IME7LU6HLVH0PHAE1 Y5UUT2QLN80P1GA8EL37UV5SO9PKLDRQ3D6E43U3M7OUNMI2IKP P0JIKSISX5XQ B83GLNLDLCX5QTBC USY23VVLIF9I3C5QXN755CAPSRB 6W056L804H742DFGB B SEGWFIATB0UV7M96L7YK VFD4XN02LMS0R3KOKG2H2Y6MVC1UY3C52SOXA','L3UT9H6Y5KKNAQ6F8T5YV6NQRQDFEVURUCHAQVBDXL62IVXTVKRG3N5A6F8 K8PHX61M4U2W7EQ97SU PAETKH0LD9B9T7WR19 V69GL4G4CQTU6WG5HUL68ATMFES06V 99G690LTN7TL5CH0LQ 33HOHURF68KIY BXMRXWGAIYE CGTOH74 BBBPCOWLU5IL7KUK6SRVR5D602WA76NCJP6Y4YSD1352LFAS0UKYQIONJXPGVI8LX0RXPKNW'),(2,'BYBW8H9JJ3NYNTNVTE0DE767U4RMR6V2A2UBV 9TXYCRY3X1TS','HBUG3M19K2N7I3VQN5GK7EF10YPYO9QQD8X18GR459NX2H7 VL',2,'OGAPC40RJ8','YAL4A0EEHG4TP6 OB8FEJBFCL8W4DVGWF145HCD1N5908HVJY9TOPPK041WJEY18I8ETDF7STTE076O8F0H JOFFRCUYPK9DXGDO',4,'94CNX2156BIP20BOATIU91ARS8F C2XD552VN5QAC9CRQIKV8HGR1U07030RNE4VG ALCAK10MD2C3LVCQ2 KQPV5V6PHCU 34RF R84T3URIME44Y777PH4AY4HIWE2B84N8KM98J00VSHVS9E1D8GRN HGNC4E 1TEI1V9CTUEUQMR0LB0BTY74PL38XNJI62OY9M689 CCMD81 4R8UOP0LUDNPJM3WI 79KRG32OY44NPERERQ8N957FX5Q','OS0F1VPMT879 67154LR1TYGPBKECQOOB6T1MA8NUMC6NANOCEX1YXK5F2HGJ4JU59UKNTP3TJG4N2VHIT5U22UT1T3UXQFC9F1KAISQTHNFHLBSUSRMHF8CBMEFPPY4CISC62PEW63J C6DI67CNR3E 5OLTQBNMFHQU6 BVMQDQWEIC7NHLJQP6HKJO09215219UTT7PDSWPPSMDM9 I6NJR1B8N5FJD 45KHHDBYMBUHPK5V582RIFLJ5APT','WYLJ DFSYPVCM0B41MI48TI6PAMC36Q45V7BSSD3P6MLR8K7LA4G751MP1YNPRK95HJXJIKLUT7D5TEUOM6Y7AU7EGC K9TDK63S7VH0DG RB41KWSED20OBD8OLXAO WO0BOMOG8CHOHOA7D3TRH17YDENFEGYJ SI4DK MKUUNEGH2M3PS13BGXCC R5RFG5 JGL33MWP5RTAOOAOYME NLVAV16T689AQ5JX5WE77EKC4KO8LI4KJG3LS604'),(3,'EQUWMUX4WWA32IVCD74CTRJLMIKHSET5RDU66PRH8945MAE8K2','PDKHQQY270FX9QBVT5POU  DSDLGXRYX CF95AM1BCI6NTMO70',4,'5R7B8H F2','ND13 9T3 9REQBSS2YPPM0FE3Y0D2MCEPYMA5PP8GRH9X XOW1FUSCISWTKYQG4GDC46WTY75KYSIVLEETK85 H FVB5DX0SSGR8',3,'24PI465RQJCIIUE7WRX9205K1G43Y5NGSFT4K9095MODJD9UU8J91FUYYCN8S01FCPP 3WFLAM6WPOAIXEOM0NB19FQR7BNCVBF1 N1QTQO7YNU553XDTMKXLUXK242GUKAML 8P27SGQT 9J34HFA7UO5M1IBASM3OQ7OY72RUGJIG1KFAF0H7HXKGKE8MFJMGH8ELGIVV34ONIVT ERKDHB3Q1IPSGI3LSNH76IR7FQ89ASJ0IXL8OHXW9JA ','E0JB EACFL4XAMW2 STTX T1EFCTX5K817L7BSUNG6XQ06AWYD773Y9WNEFIXIN9YMWEV048315AX651LK95NPHAVX1XCC6VUIQJFKHUY6BRNARMQLFWGQVTS0U6EHB9AQGMU79U WF4CAE05UGI0PTYS HVOKDQBUS3G4T9THTUA0WRM74U2XCP5E9QJ1U918J6R6MVEOXKRJEY1CVV4VC4BST0M9BWLXLXY3 1CD0 XM A3MOX30FKIIB513J','GEV7KPSB  KG63FPCKYTE4X Y6NW88XMNAAKUHTDU K1XUBBM6PIFXA1FGFSC34QXXDD20KGLEJFD94GFGP424 0XK5QVF163MDF55OWO9D72R1 QXOFOTFM04W534LHT3LBQW3F0RKFI4CQEQML9JFCN7KL8363LSCAWVQQT9BSR41KR5SPBQ6JAABD0 JSLQF6KAJH0BTLRE6KV3LFC9AWGM4UH TY23C8RQYM97FYHNVBJIGMVL3894JXR3D'),(4,'IS7EYWJU3SLN 01BFT1B328F636DKHUUYBQEO7EVRH7TYF5PKB','H93IM9AU701G DJGLP0GQPHQYGT1I07PBWIGCQSJH7NV9DR577',0,'582H8FF7U9','K51O 8OXE1BA TP9UO96QS5VMMXL7GHMQXR ECCKF4D7UPPW7JK0I47JBR8OGYVL6GD3HJAA XS80VKQJWABQHWCW7S1QOHMDULX',2,'BHEBQYSH8TM5QSDO9QYQF96 RYVSW9G917F5LEVKUDUQ2SRR7N 096XL1EL BKY0K66YLANKJV05NUWORLC63I45E3NQIEENE 67GUHXL4QBQ44T75 0BJSBYH2FDBODCSQSH6WMYFVE9BKH CRYH 5 KIOX6FX7T5AO89G0YW70I H2HER2QMP15O9K4XQTPA6 1BXENMSK5BF3M87J1W77KO KR2XD15QAPYPTL1OU9VY6YKX6BF5L8K8YVI1','HA DESATAQTRKAWYYY4DHT6O461HF9W5EV 02SP18523DGJTA6R4SM9OK7SO4HIPOJJXJ2A6VIBBHUPR1U37G73FEROSOE YAL67GMC830FXERJ2MTX1AQRUGBFCPSHIPGPG4R794TWVJ 94WBM78UB1WEK5UM4L10IQ9XOEY0SI87T8W106 VREA43CVHOSHIBBKLR7WKSDOMKXRL2L0MG1TRAEFG CEDWAYWN0EN7I7YBYFIKV9R1D1G2TSU9','5AX4WP4AQQJ RYXW6GKVN0 1IEN127EI CBAE M1G09SQ3DBT324G11FNVU16LF1X0PC156Y5QA9EG9HN2 E3F56IPFA7OV9GC87WJUK0Y QH14A5LLKDQ8TQTBVKATS5PTRULXVN59GDXC8GVA6FHC0IY7W5M7IMC09AWRBBGL31IBXQ1FM1XBC 8XC677GCU1WYHEO7J9B26I2H2S070N04ID XJAY91PGYG5BGPKA242L8GY00KKHGTDCRTC');
/*!40000 ALTER TABLE `ninos` ENABLE KEYS */;
UNLOCK TABLES;

--
-- Table structure for table `pertenece`
--

DROP TABLE IF EXISTS `pertenece`;
/*!40101 SET @saved_cs_client     = @@character_set_client */;
/*!50503 SET character_set_client = utf8mb4 */;
CREATE TABLE `pertenece` (
  `ID_GRUPO` int(11) NOT NULL,
  `ID_NINO` int(11) NOT NULL,
  PRIMARY KEY (`ID_GRUPO`,`ID_NINO`),
  KEY `FK_PERTENECE2` (`ID_NINO`),
  CONSTRAINT `FK_PERTENECE` FOREIGN KEY (`ID_GRUPO`) REFERENCES `grupos` (`ID_GRUPO`),
  CONSTRAINT `FK_PERTENECE2` FOREIGN KEY (`ID_NINO`) REFERENCES `ninos` (`ID_NINO`)
) ENGINE=InnoDB DEFAULT CHARSET=utf8mb4 COLLATE=utf8mb4_general_ci;
/*!40101 SET character_set_client = @saved_cs_client */;

--
-- Dumping data for table `pertenece`
--

LOCK TABLES `pertenece` WRITE;
/*!40000 ALTER TABLE `pertenece` DISABLE KEYS */;
INSERT INTO `pertenece` VALUES (0,4),(1,1),(2,3),(3,0),(4,2);
/*!40000 ALTER TABLE `pertenece` ENABLE KEYS */;
UNLOCK TABLES;

--
-- Table structure for table `programa`
--

DROP TABLE IF EXISTS `programa`;
/*!40101 SET @saved_cs_client     = @@character_set_client */;
/*!50503 SET character_set_client = utf8mb4 */;
CREATE TABLE `programa` (
  `ID_ACTIVIDAD` int(11) NOT NULL,
  `ID_HORARIO` int(11) NOT NULL,
  PRIMARY KEY (`ID_ACTIVIDAD`,`ID_HORARIO`),
  KEY `FK_PROGRAMA2` (`ID_HORARIO`),
  CONSTRAINT `FK_PROGRAMA` FOREIGN KEY (`ID_ACTIVIDAD`) REFERENCES `actividad` (`ID_ACTIVIDAD`),
  CONSTRAINT `FK_PROGRAMA2` FOREIGN KEY (`ID_HORARIO`) REFERENCES `horario` (`ID_HORARIO`)
) ENGINE=InnoDB DEFAULT CHARSET=utf8mb4 COLLATE=utf8mb4_general_ci;
/*!40101 SET character_set_client = @saved_cs_client */;

--
-- Dumping data for table `programa`
--

LOCK TABLES `programa` WRITE;
/*!40000 ALTER TABLE `programa` DISABLE KEYS */;
INSERT INTO `programa` VALUES (0,2),(1,1),(2,3),(3,4),(4,0);
/*!40000 ALTER TABLE `programa` ENABLE KEYS */;
UNLOCK TABLES;

--
-- Table structure for table `representa`
--

DROP TABLE IF EXISTS `representa`;
/*!40101 SET @saved_cs_client     = @@character_set_client */;
/*!50503 SET character_set_client = utf8mb4 */;
CREATE TABLE `representa` (
  `ID_NINO` int(11) NOT NULL,
  `ID_REPRESENTANTE` int(11) NOT NULL,
  PRIMARY KEY (`ID_NINO`,`ID_REPRESENTANTE`),
  KEY `FK_REPRESENTA2` (`ID_REPRESENTANTE`),
  CONSTRAINT `FK_REPRESENTA` FOREIGN KEY (`ID_NINO`) REFERENCES `ninos` (`ID_NINO`),
  CONSTRAINT `FK_REPRESENTA2` FOREIGN KEY (`ID_REPRESENTANTE`) REFERENCES `representante` (`ID_REPRESENTANTE`)
) ENGINE=InnoDB DEFAULT CHARSET=utf8mb4 COLLATE=utf8mb4_general_ci;
/*!40101 SET character_set_client = @saved_cs_client */;

--
-- Dumping data for table `representa`
--

LOCK TABLES `representa` WRITE;
/*!40000 ALTER TABLE `representa` DISABLE KEYS */;
INSERT INTO `representa` VALUES (0,0),(1,4),(2,3),(3,1),(4,2);
/*!40000 ALTER TABLE `representa` ENABLE KEYS */;
UNLOCK TABLES;

--
-- Table structure for table `representante`
--

DROP TABLE IF EXISTS `representante`;
/*!40101 SET @saved_cs_client     = @@character_set_client */;
/*!50503 SET character_set_client = utf8mb4 */;
CREATE TABLE `representante` (
  `ID_REPRESENTANTE` int(11) NOT NULL,
  `NOMBRE` char(50) NOT NULL,
  `APELLIDO` char(50) NOT NULL,
  `EDAD` int(11) NOT NULL,
  `CELULAR` decimal(10,0) NOT NULL,
  `CEDULA` decimal(10,0) NOT NULL,
  `PARENTEZCO` char(50) NOT NULL,
  `LUGAR_DE_TRABAJO` text NOT NULL,
  `GENERO` char(10) NOT NULL,
  PRIMARY KEY (`ID_REPRESENTANTE`)
) ENGINE=InnoDB DEFAULT CHARSET=utf8mb4 COLLATE=utf8mb4_general_ci;
/*!40101 SET character_set_client = @saved_cs_client */;

--
-- Dumping data for table `representante`
--

LOCK TABLES `representante` WRITE;
/*!40000 ALTER TABLE `representante` DISABLE KEYS */;
INSERT INTO `representante` VALUES (0,' LW4G1POP2BP2RM9BB44YY KYS9LCSFVV1MEVJ085MMND1UFD1','NB 0PT8Q774AQEFR6E9Q8FIJW6A5A7HU6GO7NDEOWBBEYAM4WD',11,7,4,'R0YRAWB1 XSRSVVYVN92QT QT14H1I0LIWQI KTMDBH1WNS7UV','5VNT5FAHT5PYHA8PTBYBTYT2I32BY894FWTH9W8WJQ P H1LRTMH GOUXUGC2RHY SE7BWIYCFV7N8ORCFTIBDROSBAIEOHV80KWLD5DHHPMPM1KU3FEDNPXJJWVGBUV6C1H J2DEEWXC4J99S8R04057J4BGM4BV2J GCB6E0XO468SY37PBQPB7PKQAODEWIHKLDOKMLF5O1EWRYO91RAJNX4DWI8A CJ9B0 H0C5IRIP6WVHR3GFKVE0U1LB','DDHX  J5WD'),(1,'YQ7O4X9IY5 FCTG5DUQ6HSM0V3SNOIGPOSQ8RH0INKJD4LUAFJ','3VY0T7NA4U7APDQPXCD5 M84XQAYWG8ESAYHQAXE3J DY4AEPK',6,0,17,'V RSPCC4U QHKRYW4U03YSWHLO9LRDAL01GB7G WLD5HL1H854','Q6UXRK7FG45O3U42E9JLGB VW51T2Q 76ACBWW EJA9E930ITLA6DA5LY8X9BTGC50K04X6VO5PCMEVL69X EDMULS2CSA3SRF4T8HCHEGTOD7SQYS T1CS31ABFDE5HQXJ27FWUTL 0IIMHDBKO45BQ0YMG1UXQJDQ4Y7SY8D3V TM54 AMHQDHFAMTBYJVVE477OV52SASLRTGHRSXOT0BD1ICW4JP2FNDFLK 57Q 45OBN9VMB339C6WHHT2','FWETSC DAC'),(2,'E OJ7YCPU8VY52CAS1PYM 637YQE8PM7G31N127YEL45P5OHHY','TJO3NJ0OJ47LPWIWTLWC1M5VJOW1WRGSEJAU57U8YE786X2KQC',13,2,12,'N7FE8N3VD1DKEOB61L1628G3BLJFM2T9RD07SA61 RTAHSM53T','R9M0EQ1GRURCURB5WV0OGKUGDY6LVGWR79LCP7X5R3 UGLECWOOD8O2CGEES15PAVDY7Q2EGMC66J76UXMHLUWKS02P261WSWSJR6IVLFF7XD898SFMLI5XXUS616PQMCCO7K1OSFW 80AVTB5C7HDMR7DX2 7LQ8287UT5SR5J36KU90IH7 NSY6UU6FX6BXW0WFT94QBKJ02P8 CE1STV63H8O2P6R3HYWYD96CK2Q5NCUFHIAIPYXO066NBQ','8G1AR84W3A'),(3,'GUY0WL0M11ALFKC YDS2DYD1V0MK189M56R8HWDS4WO1LN5P00','VAAJL WJLKXCWTPFLEUQ7I706CFGCGJYEA0LYMGF9OHMFVTH5W',7,11,0,'C552NJ4 3C3OLY6WN1 OOG7P4N8MNLC7F5RU1V5RVA94DO8C22','WO9KMAGL39UROW9TWRLKXF7IVFTBKVOQB4V5LSRV HG8S9OPPHOLISRT2BVRF5 E8VKIU2FIKHLHY1SO616JLS3DX1M542G02XD8ETFTDC73YX S1HO2CPGUVJC B6NBUM4D8XBIMJ582KMQ8JRYHLAR1QDIMYR3COQ75B4VRC3KTFBC6J4XI47 GJSEMUP LDF2G4DWYFDMHMHUF4R W53LJPM J WSF D6YPXJK281OC5GKLDSJ4QNH3Q HXX','HFVA4I1QAJ'),(4,'OB88WNVL19T3VU2UJIV6MQ2 VFCI D6JIALCFH5YRME8K9M7Q1','Y2K8U 9A715MLOK7TXASMVLK515ADT65OR9WGX279WTN1S53QT',0,19,16,'HLX64WXMTTGGX88EI8EQ0QPLIKB30KGXN57LS0QCWFIVLOO40M','B6G5XEL EE9GY1J98WIETY71YMTATTRVN3IVI4NUYDKQJ6FNA8M9QUJRBS6XK3V9HEYW4SBA35Y8G0RIA6GJ20FJKIV3YVWLTD69RGKJQQM7BWRCCP95TX1D8X6IM25U29259CIGA1B4YHARQ5K8Q5DE11421BECVWMFHLV1V2VFCYO5YS98MXAS597VNGB11YG68I9IIL7R0FTG0Q6IOW511S1IFVM9BDKWNWY4TBUPPH4KN7MBC5N5KHSF904','MOPXVVBC5F'),(5,'VCJ0964KG8 JGNHXJVFCKWSGHA35DSW4VSY2V2L6TKP05A3939','QYB07XF69QC03D3433X56RHM18GCK0JROFJGCMT0UM21EYYPVO',19,8,18,'F0E1J1K18H7CA8M1X7S5 GAQTMG6XM2KSG8CCUEJ9BOB7EKN F','9WL4U3I22VXOSYSRWO46LUVAAJ3U8MAA6ET4ULD0YRSU4RO17PQJ5J2R0XAQCC2S1FJN7H16LOAD8WRF T6HGCV7UF6IW W1FPVU8WL3L1BXX5FHHB9T2MP 70IJ0TY96D17T7IDCAA16A2KDHFKJHTL7GFQ8OV8TX4GV5LPABDLMDXQXVTGA9AX84DUFMY1DQ93925440DW05IDYO9G8M6QBGA57INXU5XUR0CPPG0TMDJ9V5JI4UO27L5T7YI','VT8MFNOLO9'),(6,'GAFQEO6HCQAX66 CFWPCCS3NVNTEQOWNI1 VYC5KGQRTCNOV5','0134L5M6JR9DWADG0H92V02QI45WU9HOI0F2SYF8ED1B9HD7NT',4,1,5,'8L1DC9VAYUAD6G4MU8LQS3XLDPWCSKKGJSKY7LO0HTHR IDJ B','08TY52J1HEXNGY6200DMP DDTMKXBQFXFHOMW8N5AU 7B6GH MMUIPI 63YL87DEC1AID0IBGY3UQ3HSFWR8RHW6ILRGT688YCTQPUL6M3HFPTAG4S0N0SFLQMC239W Q664CH91WNQV 03A12EDF7X3BH9B8T 33AHMXKFCAXHXFTU4WUU194HPNUN34VM U3M45XY8G2MPKJ8B7PEJRQDCRP04LUFFCAX92SMURV6085CT2C1P4WKX5DDYJ 8','2KTVVPG3MR'),(7,'T2LVTAHQXGBC5RW0TIMQBEF29U3PK 7EJ66OPM447VJ901UML9','1XRXTSGU4SQ SWO5NFN3 K0NG5G9PILS G7N63ITAG643URIII',1,18,9,'SMB49FE8H7OJFIJDSWEMKUN1B5E9EXJNEH4W3GGO7QDLKEE30Q','KJTVFMN3LEAFBWX9FBBMN3LHVPOEJ79HOJJGN3GGIK2IIT31F2WYPY7HQ1KJ9JR1AQ7Q1G5BQ LXR7DTMP4D4TL75KVJOKNJ5WAU3FXXGP1ERNCMWDR3CBA1IXW8C9DP3YCR1IW0430 V5RA5Q9XQ1V6FTK4 YJSQT6R6NMD47HBJS P2I727V2I7QOXOJ8KGJEPAT6EN4VO6CJS5W5206P5ANWMM504S7I22F07IIR53W58W3G5 O4MQBFHHD6','VK5FG4J74C'),(8,'K G86Q530HTEK7K0V61Y0DPAFNQI1 VCD536E1B13OT9PELNDK','5X5XXDSX9LS7 8JUUJH4FAUBC Q9X44PD9WD15OE333C49HVXV',5,6,15,' V7B8DQ8HFYESHTVNPPVJLLF788VYOO0GJ 0 BO UVFWAXE0FF','DKV8XLIEQS EP001LD 85TKIVY 3O7V1JR8FGWY8QLOTKIQBD 0182BD9959Q77IX3P44750QRFKLQVN51HRWFVSAX51FPX 8Q5QSNCML0RCJDR34XMRIA33AL3QJ3L5G4EY BPVCNMHAULIKP213G6QRJBKV75UTUT75WPOXE8JDRDCAS96NK9YX20542TUORER9 K0OT0MKH47XKL9QIOBC5LNO HC7ANY90QWY11 3W8GWIXDAIEA6BHPIMG','57T5 5WE8U'),(9,' 41VA BFSGW77IRQX9CHPWNC 9PFV7JDS2GS73OMBFHMYVUUAO','1N2PT8KVA7HB7CSDU77CSA4E0IG7UY09Y8GR8ECCW5KDPIIFW5',18,14,10,'PUG3P9CXPVBXYD2KGTK7S 185USY3N3HWW3K69NM1B5OU9BTKY','DHG5PAKHHP9837F0MMLE5 OPCK TKYGDDLVT2R 0DWASR1HLSE2J H4 TUOJ3DI41IFADETTF70I0N1V82GRVE5V2HPSEEN78J9BN1MWB02LEJ53S 39WC9HQQVTVLMVHYMI41Q0NKMYHJGBG19M0WK SLFHS8MFQY6PHCGC61LN3VOGO2XO30 JXIUQHUPKMPW67QW8LN7T2R7H6DQK9K4D8IKSU8JQBH5VIBTMCYQ0C2LYWCBAPSWCCAQ3X1O','A54K19POBR'),(10,'HHQAWX0XKEJHBTE4MP28QBKACQOO8J2CR537WPQ5IDQOD3TGSS','K27SVSROKXO 44BYQUGI8JHYX4S34TYM2I 2CYDQYLUTQTM8AW',14,9,19,' MLC5ONFSDRHR5H6F4TN8L8F0QOFFC3IIQ5 HDL Q70KUX91GN','NFBKRHOTLQM616B3RVFWSDTWEOHJW1YJ4EVFOCOR6VS1GNBG0XBNXW9DGU03PML3YAJSRPLF0GI30PEQLW28UCNQJM0KKNW4X0K1TNS0IJC BOMSABJT6TSAX2M969HMT7YLBBUQCWN0PF1 X21NEXMUBXM X06H58UDM30 7BB187GQ5S6TLPO GGAR8XD4618LJAW24491PHVYC29UD1RB9MK54S29KMKVGFXVVHPB YN 72Y7JOMXX5O4HL7','UDMDLNRRST'),(11,'HT7PYGUSNVAM1IPOIRCJBFK1T4Q1F5SA5XDT87S08FWQ9XW UI','5CS919S9WFCFQNE9NL0SM8YFFQJ7G2OHE9QS3VP7PKDP9PNRQ2',10,13,13,'6WGEMYBXWR6F19Y7OS34MR6T349K1XJF2I65NYKQXEIFISDC0H','9N41WMO22V KL 97JJACVAU2YM6GHL85823TBRRW8Y0427E41N3YSJMLOSH8OX1KS0VNJOEQ9JQN8SGS4AE6238FG9 MQO5Y0R67BKWFWFY2CFMTHWYAIWRRPNCW9Y9YFU4V6PH4BD3AEHJD771JG3VL23QVC9AS6FV2RLSIGWX7WAALDXQJCOMB98 PQSLXHQYHW6Q37M0BNGSJDKTQJ6TF4ONKNKBA2LWT6F9A19HJM5EU1FSR1C4QOJWPU0N','WQYTP6HJY5'),(12,'QAYH35844I017FU5HAL7KE3RSLFSJ5M CW99OOV4H59W4L2G39','9Y6FRVP8USHM GU25FF7NDWX9P3L1YAOXXM3T2YH26YI3A V3P',9,4,8,'270S KSUEC4YHIQROJ6UFRHGGM2SF3 36C ARIUHAY GNH8VKK','XA6N42RBK7HORPUV576QR8PADVSMP5C16Q01HV37454YDC6WW3G1DTN2USNDRD2L219Y16CQG44EXQ9AYAAXHQC5DNS64BQEQ J0RSSS8O81EBG8CCVRA85U1T2 T DWD US6TLLETXYFM18EHD937RLWUM39WOO5U2JNXQE4V5XU2BI8J N3UICD25VSSF7DYGJEDDT KD1C7QK0HKR3RS9MRKKB9HQIJSHQBTQ3 0V85GW3D4WGLSA1J7HFLV',' 5EAWD7H6A'),(13,'D120ENCJ1WT2AQV9 SG7OYS6BMF6 I5AT5INB4ICJHDU1WWBKM','D35457G OPIO08YP7AN0O2HBXSD1N72YVP92VRFA1IUHHMRG S',2,17,14,'YUV4A2W4OYVQUCF9O6K CFPXHM0T91S4J0NFTNSJM GUJOTRL0','0G4SPBGP0YBCS5NIFG7ASPD6MAOLDR3LSPW1X6YCP6AFWP8RDS9Y2VAI5HLJ0D1 52PWOI1IYR1VTEUS1REIW8YLY64URIHHWOXC8 5F75F3EVIBYHX1I R8UUI RT8VA1O8DUI1 BUCPS8M80S2D7J5NAXCVW09624VQXTSCOS46HM7XCYYML04XBY3NIRXSXE4I FX5IKILS464CJXHB7TJTW4C8OGO9NP87SLFJ8FV22EAFLIO2Q0E28HOVK','WSXJAIXS V'),(14,'C1C8T504V2T7G7SA4PUVI3XWD77HB8 SRSKCM6WBKL2F0WIEIP','DO6MFGIYFAQ3UCNHYENFSBI3UEG7GU2PN03BUMQNR3211M58U2',3,15,3,'W0OW7RYU9T95WR RH97VUS53OSSUQVFHHOC2J0CGP77CYNXRW','HLCXN8DA4 16KAN2K4HQYD6AYSG4RAHTJ ULQWR98P4YALG0G1COLOHXR1RO1HLUDI7RT2LAXT0OYAOHD4AF0YRBY9UAGWLDPOB4M89H7GPJOWH12VVQ1F4BMYNC VIIE792BS2LQFXIRVMBKQNO4YBT6V6CL4OFFATVMM4 98XD5B7IA6AOQHCGWDB7CERT8787ACC J461U7APBR5J1CNF73B2OOIHUMUEMUXPAMWM8FO8YX94B9MO9UKM3K9','1IRVJFEMUJ'),(15,'Y2OUVJBUW7EMORW6XX4EP7W1LKRIWKAJFB7UHXA3RPDVA6I6SM','NNYFAU76 HIUP8IKE6OBUR 7T4XK21FICW8Y01LOCQ3Q3SO2X1',8,12,6,'UROO7KQ6X DQRDHCR9CWX8H3MYJOR9BKUPYW34UCFR3TA7LPJB','5YFP6D4XTQJBCT9ICRF25FSUEQXC2071OB8EKDWSEQ7BXUC5QDQTHLBDYRA4C 876WELCO70C7AVFO0GITPOXFLX4HB43CW7AYE4842113K2SICY4K2IJ28GDRL1DIYPVNL7YA6BADE0UVT2ET25L3NRLF7MVP8O20GRSIVMHSW58SKFXD7Q7ONQUIRQFT6LGL15HSLCBJR B2TPJ30Y0C3RSORHDXKAN9QSIK8T5INBBWXMCYUN1 6NHM9KP7Y','3GUTKEAIUO'),(16,'7E3L2D4MLGYX21QQS84XGR 43BVJ0UTVWVQN5SMJL 5UEY8V4F','6GKHOIVAWAG4Y9U6XPRLLPGP8PEWSLW7SIYO A0S9QM8PTSC01',12,3,7,'XLM1PJW305SVGY93JD1NRRXPD8 920VF2ESW3LCGQ POUDM10Q','ML965NFHKB2KAQY1T9BW66H94V8QH8HHI6SE7 S3NKO14465G70MJDYUG6VTHA2YVXEMEQHSKSVK4AEXN96FV3AMO1VFQS92UPXL8LKYTQVFNYCBOCGP4CS6CKMSCTS4R6XKEX49RQKK178OA KAAPIA3T5MM2YT77BLNJ CY1MS3RFYTUTHAQE7L4DWNPGU BYDIW58RH8XGY7LQ4IF4M2AF6SGBD4D1RK2PVR3LHNIPJSF8O8MBDC7GVA0VTW','TNMHQ3MUSW'),(17,'S9 8VCL8LSSV0K8UR86TX0XHTHS9SC2GW0GL7VR3DLYRJKYBGL','H2OAK1KCERWUCQTVBKSU 7G7LOIDQ709G4SA7 N IHJL9IS2BB',15,16,11,'M4I13GOJ61 WES3 S28OJ2BMVNGCS7GOKB 3M9EONCE8HPQPJI','Q1KLCOE9PEU5GU9YDQMK 1L9JWQQY3PSDQ BU3 NLDFT6PFXVJA2QN74OV Y JGC9VC5V B6G2D2LK8 LFJLU3KQ 2F4B1WVHWFTL0QOTPF9WQR77KW6BA0I S3PVXS5KWUQB3LBRUI40E96CDJ22WPGAQH3BT4S0K3MM6MU0RTQ6DWEIW0QP1PNBX0FCXYHHKFPETND7 2MKSVLXC2HND3357KWQM7I50GVVFFNJLBYS5TD5X1NIUH4WL EMSB','KFP1KLYL5U'),(18,'RHEN6U N7 Q5M3BR8406VNX3XX52J58NARL4VSP7OIF39B2KLV','GP9LI406A3TYEEK4DMYU8WDDQ8IM57C0 APB P0L6HYLBKY4C0',17,5,1,'YSI 59LUEPF1R4B5JJ54BKMBR0L3FKC HRCYBEJHD8PASEJK6H','4OBQF9B0A7WPQE312SOJ4FNJWLJRPIQC2VJAPL0BGTF5T0H093OAIYCP3UXIE2KBVTVHQAWKFAI73YC54JPNMADOX9LRIQ2PLXQS24X9OBKPHH G546TL7P4QPF2IWTXEV2XMP4FWY95 NWH1RRN05QR2G MW8MXINTAQ3HQDEV5OD7NW73JEDNBXUKCTIWR FSVMYR66KFYIQS3WRBI9AX38L3HD9TAU1H19U9GRVGRYFXF 3GONU4K3K2TTXF','4JINK0YADO'),(19,'3FSFKY6CC0M62V G5NNCFX6EMD546LRQ7UOXWMSO96C2RD7U8D',' G34AUWWF4 6W8F DEEXILLXA6I 63GFNUPDL9B3L676HCJ5KN',16,10,2,'055OW5XVK2X2FF9Y80NQ1RGGM5TWWND3PO08  XS0HVB6634LH','FH3 GWCT12595CPFR2S17ABFFCKDRYG1LO0XSFJP7C23 RK8NLB5CFFJQJMVNRW8AJQGDI NFE97CBO7BXUF3THLQPSEWOG0OR73IBEO44 P2 IG18DBNW5K68LK12NKFY14WASMI08AYUATVNGFN3WTAPLF7XSJ4CX4BQ4LGH74XRCQWH4IS18LX9 DHV5573B38FGG0G1XQDG4LQXJK3SSNSS4KSNI7H JKF439NAPFMTBIPY6I1F AW15TNJ','R4YL4N49PW');
/*!40000 ALTER TABLE `representante` ENABLE KEYS */;
UNLOCK TABLES;

--
-- Dumping routines for database 'guarderia_GODC'
--
/*!40103 SET TIME_ZONE=@OLD_TIME_ZONE */;

/*!40101 SET SQL_MODE=@OLD_SQL_MODE */;
/*!40014 SET FOREIGN_KEY_CHECKS=@OLD_FOREIGN_KEY_CHECKS */;
/*!40014 SET UNIQUE_CHECKS=@OLD_UNIQUE_CHECKS */;
/*!40101 SET CHARACTER_SET_CLIENT=@OLD_CHARACTER_SET_CLIENT */;
/*!40101 SET CHARACTER_SET_RESULTS=@OLD_CHARACTER_SET_RESULTS */;
/*!40101 SET COLLATION_CONNECTION=@OLD_COLLATION_CONNECTION */;
/*!40111 SET SQL_NOTES=@OLD_SQL_NOTES */;

-- Dump completed on 2025-07-21 19:13:04
