/*M!999999\- enable the sandbox mode */ 
-- MariaDB dump 10.19-11.7.2-MariaDB, for Win64 (AMD64)
--
-- Host: localhost    Database: guarderia_godc
-- ------------------------------------------------------
-- Server version	10.4.32-MariaDB

/*!40101 SET @OLD_CHARACTER_SET_CLIENT=@@CHARACTER_SET_CLIENT */;
/*!40101 SET @OLD_CHARACTER_SET_RESULTS=@@CHARACTER_SET_RESULTS */;
/*!40101 SET @OLD_COLLATION_CONNECTION=@@COLLATION_CONNECTION */;
/*!40101 SET NAMES utf8mb4 */;
/*!40103 SET @OLD_TIME_ZONE=@@TIME_ZONE */;
/*!40103 SET TIME_ZONE='+00:00' */;
/*!40014 SET @OLD_UNIQUE_CHECKS=@@UNIQUE_CHECKS, UNIQUE_CHECKS=0 */;
/*!40014 SET @OLD_FOREIGN_KEY_CHECKS=@@FOREIGN_KEY_CHECKS, FOREIGN_KEY_CHECKS=0 */;
/*!40101 SET @OLD_SQL_MODE=@@SQL_MODE, SQL_MODE='NO_AUTO_VALUE_ON_ZERO' */;
/*M!100616 SET @OLD_NOTE_VERBOSITY=@@NOTE_VERBOSITY, NOTE_VERBOSITY=0 */;

--
-- Table structure for table `actividad`
--

DROP TABLE IF EXISTS `actividad`;
/*!40101 SET @saved_cs_client     = @@character_set_client */;
/*!40101 SET character_set_client = utf8mb4 */;
CREATE TABLE `actividad` (
  `ID_ACTIVIDAD` int(11) NOT NULL,
  `NOMBREAC` char(10) NOT NULL,
  `DESCRIPCION` text DEFAULT NULL,
  `DURACION` decimal(2,1) NOT NULL,
  PRIMARY KEY (`ID_ACTIVIDAD`)
) ENGINE=InnoDB DEFAULT CHARSET=utf8mb4 COLLATE=utf8mb4_general_ci;
/*!40101 SET character_set_client = @saved_cs_client */;

--
-- Dumping data for table `actividad`
--

LOCK TABLES `actividad` WRITE;
/*!40000 ALTER TABLE `actividad` DISABLE KEYS */;
INSERT INTO `actividad` VALUES
(0,'WUG1E 22IF','J9IC582WC4095XUQTL02VTMEDIKMY99JS12AL5KBLLKC17W7X01IAETR0UY770WSK FTYRGYID71FAE81DWR2H301Q7HNA3X3MHRJS7RR7GVEDV1L4P815EH3UA012RV57SORNJLL170MSSH8PXXRS RBOC8OLB1RDLAVWS3MVFQCXUKHGCQQ5PVPJHLUI2FKQ5VUFB9SWH6ODVFSCL6VRWXMU8PDAUS49EQVXRLJNT5C 2YAS5OHHWSRQVY8U ',2.0),
(1,'F7WYA 6D8W','N9LK OOU0J7C9  NO93JG RMOKSW66MAA7NCL 1TIR0932F3UY07YM1EIVQ4513PU62QW8PXNFV81LXLKX78EJL6LSA URSVRDUY E95PN051S11MM9MT J1HFU6M4U2S411QX1GYPLGTKECTWEFS6RAY3EQ3FLIY ATHPCVFL2S048VICO2ONBAWXT7YGSM6FSDJM03S7VJCOUX7253B0F4 XBJEILWWVSTL3SJQD1O67FSJVH2K8IW3G1IOBS',3.0),
(2,'L37DHKJEN5','27BTO3B5POSTAA2D0G6LQTW4TY9U2G OCQELXWIM6UPW2HGLBAEA AK2L6V72VY4UHG TVATVY2LA1D8FEWUQNPLCW3BSMYPKKWEBQF81X TCI58Q9DVV82LF671QEG6BG53EMX5YI878XUNOKL4L6JCO8RTLHGQJ611RR7VG9AN3L5IF71AJPOXQ1 2UK59AB9KA9IHFQSKDUBDHGAFXX9YIBXKKWJFVR2 PR 6SPUQ5H3OPN8PML86KNPQRX1',4.0),
(3,'V1KQ3VDOU1','5T9SXSAQKT22RPQPLRBIWPFHTAV19DOT0MVBXKG7BWQSSKCLTBV7884FTK3H 6FB1W5HR7OHUYDPL25TEI5E3 YXRLRNIP2MO5LQL51VM29 1XQMF3A1GMLFT1M8C6CLR7 WJORQ6F1SH2785R6GX9OCAIYGK JFYBNEMRS1V45CXHMV1IG2K9YXJNDHTR73YCI7FJQAD46N9F1B0QMWYSX580I59P02XYS4LEEXQ06THOSQDYECG38I1HE930K',1.0),
(4,'K 865RPHI8','133D04BD21MUC588H2MEP1L9MKG0ONJ6MQDEX 0FWHC0CWEL9PL2VO20NU F7T Q8LTRBRJDIU5O7NACKICXFR7MONM9O91L6FJKYPALWGHJKNIWB4A1V82T2MI22CDOFKFJPCPUTHYLA3KLRRKHKXKON5U7O JHIA46EEA0FP17792XSPCL31GBV3MVSKYRM3MENM2IWBBL5N9DHD6E5A0VEIIC22KPRS02LO S3QHW217JGRK1NSIACAV GY6',0.0);
/*!40000 ALTER TABLE `actividad` ENABLE KEYS */;
UNLOCK TABLES;

--
-- Table structure for table `asistencia`
--

DROP TABLE IF EXISTS `asistencia`;
/*!40101 SET @saved_cs_client     = @@character_set_client */;
/*!40101 SET character_set_client = utf8mb4 */;
CREATE TABLE `asistencia` (
  `ID_ASISTENCIA` int(11) NOT NULL,
  `ID_NINO` int(11) DEFAULT NULL,
  `FECHA` date NOT NULL,
  `HORA_ENTRADA` time NOT NULL,
  `HORA_SALIDA` time NOT NULL,
  `OBSERVACIONES` text DEFAULT NULL,
  PRIMARY KEY (`ID_ASISTENCIA`),
  KEY `FK_REGISTRA` (`ID_NINO`),
  CONSTRAINT `FK_REGISTRA` FOREIGN KEY (`ID_NINO`) REFERENCES `ninos` (`ID_NINO`)
) ENGINE=InnoDB DEFAULT CHARSET=utf8mb4 COLLATE=utf8mb4_general_ci;
/*!40101 SET character_set_client = @saved_cs_client */;

--
-- Dumping data for table `asistencia`
--

LOCK TABLES `asistencia` WRITE;
/*!40000 ALTER TABLE `asistencia` DISABLE KEYS */;
/*!40000 ALTER TABLE `asistencia` ENABLE KEYS */;
UNLOCK TABLES;

--
-- Table structure for table `educador`
--

DROP TABLE IF EXISTS `educador`;
/*!40101 SET @saved_cs_client     = @@character_set_client */;
/*!40101 SET character_set_client = utf8mb4 */;
CREATE TABLE `educador` (
  `ID_EDUCADORA` int(11) NOT NULL,
  `NOMBRE` char(50) NOT NULL,
  `APELLIDO` char(50) NOT NULL,
  `CEDULA` int(10) NOT NULL,
  `ESPECIALIDAD` char(10) NOT NULL,
  `CELULAR` decimal(10,0) DEFAULT NULL,
  `EDAD` int(11) NOT NULL,
  `PASSWORD` char(250) NOT NULL,
  PRIMARY KEY (`ID_EDUCADORA`)
) ENGINE=InnoDB DEFAULT CHARSET=utf8mb4 COLLATE=utf8mb4_general_ci;
/*!40101 SET character_set_client = @saved_cs_client */;

--
-- Dumping data for table `educador`
--

LOCK TABLES `educador` WRITE;
/*!40000 ALTER TABLE `educador` DISABLE KEYS */;
INSERT INTO `educador` VALUES
(1,'OLEMMPXW8QVS0SKKEHAOYWDIJVPJEDYYYYC9INDPU726ITWNNP','429M4VDMIT1EFQLKGU31HNIYH26VEKB 0OD7N6HQ8RPQNQNJ8P',1721688974,'Q4DYO4K8I7',4,4,'p.123456'),
(4,'CM VJOUE34JWOK8MAVU9HQV55VRGSR3HVYEWW EMF3B9T88M5J','88R5V015RHNPKPMF9H0HTBH2D1UROT7G86A0KG18H91ONM9DO8',2,'18FA7HWIOH',1,0,'TI28YCKUOXRBP7C R829OO447RPJLCEG0IFC36SPXTK0S9Y82AL A6JUHA4F1SW47YO4C5YNOJ6IX2UCY75     HBD2VMA  VGOFQ5     I3 P43RMJ VHPELSDQXB3UFIUNCM8D1GR E18SLVLYFGNFXE0FM 9EUOY8IC4EQUKEPGDI6PT2IN');
/*!40000 ALTER TABLE `educador` ENABLE KEYS */;
UNLOCK TABLES;

--
-- Table structure for table `evaluaciones`
--

DROP TABLE IF EXISTS `evaluaciones`;
/*!40101 SET @saved_cs_client     = @@character_set_client */;
/*!40101 SET character_set_client = utf8mb4 */;
CREATE TABLE `evaluaciones` (
  `ID_EVALUACION` int(11) NOT NULL,
  `ID_NINO` int(11) DEFAULT NULL,
  `FECHA` date NOT NULL,
  `AREA_DESARROLO` char(25) NOT NULL,
  `DESCRIPCION` text DEFAULT NULL,
  `NOTA` float NOT NULL,
  PRIMARY KEY (`ID_EVALUACION`),
  KEY `FK_RINDE` (`ID_NINO`),
  CONSTRAINT `FK_RINDE` FOREIGN KEY (`ID_NINO`) REFERENCES `ninos` (`ID_NINO`)
) ENGINE=InnoDB DEFAULT CHARSET=utf8mb4 COLLATE=utf8mb4_general_ci;
/*!40101 SET character_set_client = @saved_cs_client */;

--
-- Dumping data for table `evaluaciones`
--

LOCK TABLES `evaluaciones` WRITE;
/*!40000 ALTER TABLE `evaluaciones` DISABLE KEYS */;
/*!40000 ALTER TABLE `evaluaciones` ENABLE KEYS */;
UNLOCK TABLES;

--
-- Table structure for table `grupos`
--

DROP TABLE IF EXISTS `grupos`;
/*!40101 SET @saved_cs_client     = @@character_set_client */;
/*!40101 SET character_set_client = utf8mb4 */;
CREATE TABLE `grupos` (
  `ID_GRUPO` int(11) NOT NULL,
  `ID_EDUCADORA` int(11) DEFAULT NULL,
  `ID_ACTIVIDAD` int(11) NOT NULL,
  `NOMBRE` char(50) NOT NULL,
  `UBICACION` text NOT NULL,
  PRIMARY KEY (`ID_GRUPO`),
  KEY `FK_IMPARTE` (`ID_EDUCADORA`),
  KEY `FK_REALIZA` (`ID_ACTIVIDAD`),
  CONSTRAINT `FK_IMPARTE` FOREIGN KEY (`ID_EDUCADORA`) REFERENCES `educador` (`ID_EDUCADORA`),
  CONSTRAINT `FK_REALIZA` FOREIGN KEY (`ID_ACTIVIDAD`) REFERENCES `actividad` (`ID_ACTIVIDAD`)
) ENGINE=InnoDB DEFAULT CHARSET=utf8mb4 COLLATE=utf8mb4_general_ci;
/*!40101 SET character_set_client = @saved_cs_client */;

--
-- Dumping data for table `grupos`
--

LOCK TABLES `grupos` WRITE;
/*!40000 ALTER TABLE `grupos` DISABLE KEYS */;
INSERT INTO `grupos` VALUES
(0,1,4,'LORDC40P6KKNMAE88W5E1TLFDSQPL3UB9KFI9 9NNA2XB2WAGV','WJKG8NFK BFBLU1KTSEK4LS9JNASYPH1F7PDVGPF1TQS29BQ0S6R83FF6H1PA46MJP8MGTATOX6JHCLHMBD8TLVO5RJR UB2FRHO51R XIGEYBL5G8BR9984H6I01P GYTJ 0JQ86FTIUG6AOWP7VGS0UTVRB2DLHPUJG5VQ4X2SK079 4OAKUOG04SC BEQI256GMEOYQ28W7L0G6LQJ9NUQ1FMMXPQ II3JOJ9TM2STIGBECQQMW9N1F DJ W'),
(1,1,1,'YKCL5G94HUANWMISGGRS2DSNE69UF6VV6M8TCD5RCGMGO OLB9','XJ91KRI45UCEL9 G32AUXXDTMLX6WY6EXCC7P8KB8P9O9KOJ0WX8PKOIUHN1HJKKLN3BQ2CGEJHLGG5YVJ6DVLP7BIT6RC2HTWPRBACRX9UJS5517PFW U8 MH2LJKUXESXHBDAIGRC16Q3NIRWQI1NM09E86GRM6CFO3WLI5CGKPDNNINXWHAB733TF9JB2N4LXE3RYM0QBILVQ8RJTMV2QEHK2BI6HEA29P34AXT8J35DFK4WJBJBSGNTCB79'),
(2,1,3,'W01EGKF7XP7BIAL6UWQ0UOC6ON4ANX24PT8LH47U4RJ9NMUR5J','DS0NTFQBWHS7B8WY1LMY1KYBMX2SIKI0BQEYLQSCJ0P2 YU6HM4Y8CARJFUH45MN8L7LD4FSP8GFKETDRPQBOWI2JSIJ1 93SE ALH6C7T4O73JUWG97L71DOR1NX6XVK FD4GUFDHK49XG3KWS3BJAUW4SYSXPV0MXGKUHM02NLJRJURVD55WA DY6FLC7TKICRMVHXCSCI00DDID1B2K2NY3PT8EXY58TQ 9NT284AEC0WLO PJXK8BKARAW3'),
(3,4,2,'H8LXKXUA46AVWP NEJO11AQX1GHE 9EG S4OYM509TQI75JT69','YEX1LD0IFMO7G350OA8G3BDCE5RJ5ATGB5FGA9A3NAUFV9JAEF9D9BQI8O55YVVDNJH56KUH WE J 0W8LC6P6NTM8N9F7ED0EO1R9KVQ5G4W5HI8X4PRF4KM2DIAF33U2VDAB7651C9 MMAK YBD5LLK1XOJ9702BH1NUKTSW2V4K6JXWNLP2DWIYH8VOJYVD 6MIMX4JXO1DGL99SF7HU7P88I8W14R2H5N27HHXQCFJ6KB32A2HDM SKGX L'),
(4,1,3,'9UTQT77E9RXVP7J5Q3  PKV JJF6J0Y2OC142KBCA8NEJY3WE2','7GGXU9MU OSKWDJ8V8LLPVP9Y6ABEDK1GLNQVPO9DO3ONDA8QAAHJV0RFH1MRDT6 BU0HHGMJ7059RHR7J7NR9RK5H0P17 DEYSAK0CK38M0T5MF35EHNR3OIP J22C4K2DENOQ5QCPDYA7GMYN8N1H653473KEWGJI K5L4XBE58U5WHUYBO6Y6GHRIOL6V5SYQDH6TB7524B1N68K8AD1KLS1WWVJ6EM7BWF0L66HFVT5JUK8S2T06QQ9MODV');
/*!40000 ALTER TABLE `grupos` ENABLE KEYS */;
UNLOCK TABLES;

--
-- Table structure for table `horario`
--

DROP TABLE IF EXISTS `horario`;
/*!40101 SET @saved_cs_client     = @@character_set_client */;
/*!40101 SET character_set_client = utf8mb4 */;
CREATE TABLE `horario` (
  `ID_HORARIO` int(11) NOT NULL,
  `HORA_INICIO` time NOT NULL,
  `HORA_FIN` time NOT NULL,
  PRIMARY KEY (`ID_HORARIO`)
) ENGINE=InnoDB DEFAULT CHARSET=utf8mb4 COLLATE=utf8mb4_general_ci;
/*!40101 SET character_set_client = @saved_cs_client */;

--
-- Dumping data for table `horario`
--

LOCK TABLES `horario` WRITE;
/*!40000 ALTER TABLE `horario` DISABLE KEYS */;
INSERT INTO `horario` VALUES
(0,'00:00:00','02:13:08'),
(1,'03:25:53','00:00:00'),
(2,'07:30:22','10:41:27'),
(3,'08:53:58','03:45:07'),
(4,'11:47:41','07:27:38');
/*!40000 ALTER TABLE `horario` ENABLE KEYS */;
UNLOCK TABLES;

--
-- Table structure for table `ninos`
--

DROP TABLE IF EXISTS `ninos`;
/*!40101 SET @saved_cs_client     = @@character_set_client */;
/*!40101 SET character_set_client = utf8mb4 */;
CREATE TABLE `ninos` (
  `ID_NINO` int(11) NOT NULL AUTO_INCREMENT,
  `NOMBRE` char(50) NOT NULL,
  `APELLIDO` char(50) NOT NULL,
  `EDAD` int(11) NOT NULL,
  `GENERO` char(10) NOT NULL,
  `DIRECCION` char(100) DEFAULT NULL,
  `CEDULA` decimal(10,0) NOT NULL,
  `ALERGIAS` text NOT NULL,
  `ENFERMEDADES` text NOT NULL,
  `OBSERVACIONES` text DEFAULT NULL,
  PRIMARY KEY (`ID_NINO`)
) ENGINE=InnoDB AUTO_INCREMENT=4 DEFAULT CHARSET=utf8mb4 COLLATE=utf8mb4_general_ci;
/*!40101 SET character_set_client = @saved_cs_client */;

--
-- Dumping data for table `ninos`
--

LOCK TABLES `ninos` WRITE;
/*!40000 ALTER TABLE `ninos` DISABLE KEYS */;
INSERT INTO `ninos` VALUES
(1,'Luis','Mendoza',4,'Masculino','Calle Secundaria 456',1788990011,'Polvo','Asma leve','Llevar siempre su inhalador.'),
(2,'Jose','Mujica',3,'Masculino','Calle Secundaria 456',1721688974,'Polvo,Polen','Asma leve','Llevar siempre su inhalador.'),
(3,'Ana','Garcia',6,'Masculino','Calle Secundaria 456',1721688975,'Polvo','Asma leve','Llevar siempre su inhalador.');
/*!40000 ALTER TABLE `ninos` ENABLE KEYS */;
UNLOCK TABLES;

--
-- Table structure for table `pertenece`
--

DROP TABLE IF EXISTS `pertenece`;
/*!40101 SET @saved_cs_client     = @@character_set_client */;
/*!40101 SET character_set_client = utf8mb4 */;
CREATE TABLE `pertenece` (
  `ID_GRUPO` int(11) NOT NULL,
  `ID_NINO` int(11) NOT NULL,
  PRIMARY KEY (`ID_GRUPO`,`ID_NINO`),
  KEY `FK_PERTENECE2` (`ID_NINO`),
  CONSTRAINT `FK_PERTENECE` FOREIGN KEY (`ID_GRUPO`) REFERENCES `grupos` (`ID_GRUPO`),
  CONSTRAINT `FK_PERTENECE2` FOREIGN KEY (`ID_NINO`) REFERENCES `ninos` (`ID_NINO`)
) ENGINE=InnoDB DEFAULT CHARSET=utf8mb4 COLLATE=utf8mb4_general_ci;
/*!40101 SET character_set_client = @saved_cs_client */;

--
-- Dumping data for table `pertenece`
--

LOCK TABLES `pertenece` WRITE;
/*!40000 ALTER TABLE `pertenece` DISABLE KEYS */;
/*!40000 ALTER TABLE `pertenece` ENABLE KEYS */;
UNLOCK TABLES;

--
-- Table structure for table `programa`
--

DROP TABLE IF EXISTS `programa`;
/*!40101 SET @saved_cs_client     = @@character_set_client */;
/*!40101 SET character_set_client = utf8mb4 */;
CREATE TABLE `programa` (
  `ID_ACTIVIDAD` int(11) NOT NULL,
  `ID_HORARIO` int(11) NOT NULL,
  PRIMARY KEY (`ID_ACTIVIDAD`,`ID_HORARIO`),
  KEY `FK_PROGRAMA2` (`ID_HORARIO`),
  CONSTRAINT `FK_PROGRAMA` FOREIGN KEY (`ID_ACTIVIDAD`) REFERENCES `actividad` (`ID_ACTIVIDAD`),
  CONSTRAINT `FK_PROGRAMA2` FOREIGN KEY (`ID_HORARIO`) REFERENCES `horario` (`ID_HORARIO`)
) ENGINE=InnoDB DEFAULT CHARSET=utf8mb4 COLLATE=utf8mb4_general_ci;
/*!40101 SET character_set_client = @saved_cs_client */;

--
-- Dumping data for table `programa`
--

LOCK TABLES `programa` WRITE;
/*!40000 ALTER TABLE `programa` DISABLE KEYS */;
INSERT INTO `programa` VALUES
(0,2),
(1,1),
(2,3),
(3,4),
(4,0);
/*!40000 ALTER TABLE `programa` ENABLE KEYS */;
UNLOCK TABLES;

--
-- Table structure for table `representa`
--

DROP TABLE IF EXISTS `representa`;
/*!40101 SET @saved_cs_client     = @@character_set_client */;
/*!40101 SET character_set_client = utf8mb4 */;
CREATE TABLE `representa` (
  `ID_NINO` int(11) NOT NULL,
  `ID_REPRESENTANTE` int(11) NOT NULL,
  PRIMARY KEY (`ID_NINO`,`ID_REPRESENTANTE`),
  KEY `FK_REPRESENTA2` (`ID_REPRESENTANTE`),
  CONSTRAINT `FK_REPRESENTA` FOREIGN KEY (`ID_NINO`) REFERENCES `ninos` (`ID_NINO`),
  CONSTRAINT `FK_REPRESENTA2` FOREIGN KEY (`ID_REPRESENTANTE`) REFERENCES `representante` (`ID_REPRESENTANTE`)
) ENGINE=InnoDB DEFAULT CHARSET=utf8mb4 COLLATE=utf8mb4_general_ci;
/*!40101 SET character_set_client = @saved_cs_client */;

--
-- Dumping data for table `representa`
--

LOCK TABLES `representa` WRITE;
/*!40000 ALTER TABLE `representa` DISABLE KEYS */;
INSERT INTO `representa` VALUES
(1,3),
(2,2),
(3,3);
/*!40000 ALTER TABLE `representa` ENABLE KEYS */;
UNLOCK TABLES;

--
-- Table structure for table `representante`
--

DROP TABLE IF EXISTS `representante`;
/*!40101 SET @saved_cs_client     = @@character_set_client */;
/*!40101 SET character_set_client = utf8mb4 */;
CREATE TABLE `representante` (
  `ID_REPRESENTANTE` int(11) NOT NULL AUTO_INCREMENT,
  `NOMBRE` char(50) NOT NULL,
  `APELLIDO` char(50) NOT NULL,
  `EDAD` int(11) NOT NULL,
  `CELULAR` varchar(10) NOT NULL,
  `CEDULA` varchar(10) NOT NULL,
  `PARENTEZCO` varchar(50) NOT NULL,
  `LUGAR_DE_TRABAJO` text NOT NULL,
  `GENERO` varchar(10) NOT NULL,
  PRIMARY KEY (`ID_REPRESENTANTE`)
) ENGINE=InnoDB AUTO_INCREMENT=5 DEFAULT CHARSET=utf8mb4 COLLATE=utf8mb4_general_ci;
/*!40101 SET character_set_client = @saved_cs_client */;

--
-- Dumping data for table `representante`
--

LOCK TABLES `representante` WRITE;
/*!40000 ALTER TABLE `representante` DISABLE KEYS */;
INSERT INTO `representante` VALUES
(2,'Ana','Pérez',30,'0991234567','1712345678','Madre','Oficina Central','Femenino'),
(3,'Mateo','Tinitana',23,'0987654321','1234567890','Padre','Oficina Central','Maculino');
/*!40000 ALTER TABLE `representante` ENABLE KEYS */;
UNLOCK TABLES;

--
-- Dumping routines for database 'guarderia_godc'
--
/*!40103 SET TIME_ZONE=@OLD_TIME_ZONE */;

/*!40101 SET SQL_MODE=@OLD_SQL_MODE */;
/*!40014 SET FOREIGN_KEY_CHECKS=@OLD_FOREIGN_KEY_CHECKS */;
/*!40014 SET UNIQUE_CHECKS=@OLD_UNIQUE_CHECKS */;
/*!40101 SET CHARACTER_SET_CLIENT=@OLD_CHARACTER_SET_CLIENT */;
/*!40101 SET CHARACTER_SET_RESULTS=@OLD_CHARACTER_SET_RESULTS */;
/*!40101 SET COLLATION_CONNECTION=@OLD_COLLATION_CONNECTION */;
/*M!100616 SET NOTE_VERBOSITY=@OLD_NOTE_VERBOSITY */;

-- Dump completed on 2025-07-22  8:14:50
